-0.0009528175,-0.0004043274,0.00077136233,0.00058898027,-0.000104066276,0.0015362835,-0.00044793123,-7.345108e-05,-0.0016745538,-0.00038345013,0.00017427519,0.0017724975,0.00040218193,0.00038461055,-0.00017362577,-0.00020525022,0.00051415106,0.0005968169,0.00021036336,0.00067174714,0.00013546599,-0.0010622805,-0.0004915262,0.0009933137,-0.0006285799,-0.0026212747,0.0008167806,-7.458823e-05,-0.0010670982,-0.0009916436,0.0013069897,-0.0013792609,8.914061e-05,-0.00050316995,-0.0005814752,-0.0005527062,0.0007949546,-0.00069759553,0.0018793982,0.0003810021,-0.00011311271,-0.00084261043,-0.00049846026,-0.0001662072,0.001347438,0.00013493886,0.00027930364,-0.0010247882,-0.0003367382,0.00020637037,-0.0015164253,0.0009441436,0.0011480367,0.000944711,0.0009148406,0.0007118094,-0.0016494639,0.0010534276,-0.000112168724,-0.00069447
-0.0008183739,0.0003402275,-0.00034706923,-8.845993e-05,-1.4128629e-05,0.00019907404,-7.407507e-06,-0.00042993133,8.899998e-05,-0.000102327205,-4.1829888e-05,-0.00041377312,0.00023749797,-0.00072766305,-0.0011212616,0.0008725631,-0.00056790566,-0.0004110611,0.0007549478,0.0006156266,0.0019571215,-0.00033871457,-0.0012510938,0.0016125077,-0.0014070163,0.00030324142,0.00030199694,-9.487367e-05,-2.8074952e-05,-0.000503205,-0.0010485011,-0.00073071895,-0.000908162,0.0016221749,0.00057730824,0.00048993854,0.00020551315,-0.0006898923,0.0011367218,-9.328779e-05,-0.0006768466,-0.00022434397,0.0005266713,0.001403582,-0.0013820892,0.0017839218,0.001019943,-0.0005933795,-0.00085242605,-0.0012090425,-5.420018e-05,-1.9557774e-08,-0.00024420116,-0.0007231822,-0.0003906323,0.0001496757,0.0009662395,-0.00041956094,-0.00045580603,-0.00067074876
-0.00084849825,0.0008709496,0.00069929776,0.0010139039,0.002166082,-0.0004621433,0.0013295677,-0.00028479449,-0.0006581013,0.0020740926,0.0009889426,-0.00095302146,-0.0009124812,0.001997043,-0.00015200034,-0.0008362769,0.0006805666,0.00030816928,6.964244e-05,-0.00013581669,0.00077252416,-0.00022185175,-0.0016094007,0.0009848255,-0.0004813365,5.2503776e-05,-0.00019058958,-0.0005631007,1.7955317e-05,0.0004960342,-0.00015579874,-0.00014566071,-0.0013124722,-0.0014634962,-0.0003208234,0.00023290154,0.0006087767,-0.00047904882,-0.00019305712,0.0013809726,1.0128133e-05,-0.001222149,-0.0004126922,0.0017394051,0.00016353966,0.00059269427,0.00094947405,0.0021251985,0.00016380893,0.0015065367,-0.00017653033,-0.000691442,-0.00083236815,-0.00082901726,0.00081432087,0.0006957918,0.00080006715,0.00047462038,-0.00046431227,-0.0006306725
-0.00022224823,-0.0011174455,-0.0008980499,0.0018235187,0.00074802723,-0.0005236929,-0.00020686426,0.00026524067,0.00018719211,-0.00065081724,-0.00046202145,-0.0004073241,4.5702793e-05,-0.0004558675,-0.00048779557,-0.0002823267,-0.00051559834,0.0009462302,0.00013641443,6.0250983e-05,0.0006570157,-0.00017446,-0.0001817004,-0.00064239,0.00035926793,-0.0011341231,-1.7012702e-05,-0.0001421019,-0.000859673,0.0012835979,-2.725859e-05,0.001029478,0.00060950173,0.00027633173,-0.00089110585,-0.0013318871,0.0003820972,-0.00046246278,0.00055758376,0.00031875458,0.0007004952,-0.0012902733,4.2480417e-05,0.00028128317,0.0008357583,-0.00030523667,-0.00091275177,-0.00024422305,-0.00023864722,-0.00027758552,0.0008585078,-0.001642454,-0.00010552467,0.00045933228,0.00013322555,0.0004324268,-0.0005453392,0.00035184482,0.00012189639,0.00019062171
0.00048699882,-0.00015704101,-0.0012874058,-0.0009490596,-0.00033975753,-0.00027471464,0.0011025467,-4.2891363e-05,-0.0009494571,0.00019512046,0.0010296423,0.0012310237,0.00032492797,0.00053438917,-0.0007360112,-0.00077230204,-0.0020397299,-0.00012938643,0.00079940574,0.00022729748,-0.0006566836,0.00034037046,-0.00056234514,0.00088100135,0.00039867428,-0.0006400985,0.00080850685,-8.007279e-05,0.00019507739,4.3955166e-05,0.00033406325,0.00071698497,-0.0009549097,-0.00072836055,-0.0014300289,0.00011928729,1.091836e-05,-0.0004777495,-0.0003636075,-0.00031255442,0.0013702612,-0.0002333679,0.00036531035,-0.00082495715,-0.00016705651,0.0007210066,0.0005838447,-0.00018287962,0.00031576818,-0.00012565011,0.00040443218,0.00084049813,-0.0015839243,0.0002788494,-0.001222468,0.0016880013,0.0010115894,4.090648e-05,0.00066405255,-0.0003284479
2.8714538e-05,0.002166802,0.0004495132,0.0011443843,-0.0009017754,-0.00073116575,0.00029990915,-0.0016534794,-0.00054890045,-0.00077713095,-0.0003303935,0.00090133166,0.00018114178,0.00012071943,-0.0007323697,-0.000102522084,-0.0009896008,0.00038960844,4.3445034e-06,-0.00011662228,-7.347803e-05,-0.0012299668,-0.00023509946,0.0022362298,-0.0005865204,0.00042227845,-0.00015253731,0.0010371266,-0.00032652728,-0.0016376858,-0.00023202499,-0.0021250327,-0.00019410253,0.00042234617,0.0001385822,-0.0015660049,0.00016964413,-0.0003103611,0.00027432892,0.0009904592,0.0009004732,0.0012651134,-0.0017185467,2.3237895e-05,-0.00041884065,0.00055692485,-0.00021185633,-0.00087080244,0.00035958644,-0.00036006316,0.0011625482,-0.0017413202,0.00010349456,-0.00015425752,0.00013839071,0.00076134363,-0.0015926815,0.0005367503,-0.0010122285,-0.0007994739
-0.000712528,0.0010784604,0.0023553905,0.0005936357,0.0015056925,-0.00082938187,0.00020962374,0.00013100426,0.0001159464,-0.0013586045,-0.00073152495,1.17167365e-05,0.0005319371,0.00010618474,-0.0009237369,-0.00012815208,0.00014419202,-7.04648e-05,-0.00093535194,-0.00047368836,0.0010301496,-8.379589e-06,-0.0012180791,-0.00034518866,-0.00035823276,-0.00029428967,0.0005458095,-0.00071890594,0.000863109,0.0012844723,-0.000669822,0.0017545457,-0.001438274,0.0007489412,0.001194146,-0.0008551768,-0.0003866593,-0.00024832058,-3.5406367e-05,0.0008964726,-0.0019297116,-0.0013246004,-0.0006603757,0.0005390858,-0.00027307495,-0.00017465657,-0.002057436,-0.00046120211,-9.407755e-05,-5.9260754e-05,-0.0011001437,0.001637423,2.290163e-05,-0.0005919549,-0.0008395768,-1.9364292e-05,-0.0008029293,-0.001212186,0.00035471283,0.0014065339
0.0013418808,-0.0001521488,-0.0010265503,0.00080158765,0.0014225107,0.00028096652,6.301701e-05,0.00028866576,0.0013888823,-0.0021245768,0.0003990035,0.00019767485,-0.0001803501,0.00024382188,-0.001294049,0.0019672625,0.0010199752,0.0011888607,-0.0011451622,0.00017456245,0.0028046304,0.0005122337,0.00015942933,-0.00046589598,0.0008954108,0.0004009253,-0.00023993803,0.0010436131,-0.00029468868,-0.00040537678,0.00018651236,-0.0012591452,0.00057844585,0.00039743085,0.0013566541,0.0004749596,-0.0004453468,-0.0008268523,0.00045774598,-0.0015865997,-0.0002059564,-0.00068680756,-4.4291723e-05,0.00021134494,0.00048739312,0.0003095818,-0.0016766831,0.001622556,-0.00068727945,-0.00048442872,-0.0015810472,0.00014251703,0.00025502683,0.0013429606,-0.0010585301,-0.0015636975,0.00026639315,-0.0002034558,-0.0006138155,0.00014008675
-0.00014906959,0.0009933496,0.00029176858,0.0002485701,0.0016584918,0.0004467477,0.0004177934,0.00092282007,0.007877871,-0.000965087,-0.0012520775,0.0043167253,0.0057166507,0.0006902511,0.00067619886,0.0074524567,-0.0009580011,0.0030916454,0.006762891,-0.00021606946,0.00018213317,0.004136134,0.0008265992,0.0003292188,-5.5588782e-05,-0.00036067545,0.00014840718,-0.00021811828,0.0014253921,0.00016592327,-0.0003812313,0.00019221657,0.00050306116,-0.00017767149,0.0006020536,4.6695583e-05,-0.0012103419,0.0006264137,-0.0005343559,-0.00073009194,0.00038456265,-9.207567e-05,-9.16305e-06,0.0005144548,0.0010128937,-0.0011264961,0.00047020055,0.00081848935,-0.0010993168,0.00042221567,0.0013949164,-0.001011712,0.0004176034,-0.0005628306,-0.0007860968,-0.00028115,0.00059237797,0.0005770925,0.0012034028,0.001732046
-0.00025994115,-4.1437102e-05,-0.0004930811,-0.0016580783,0.0008297213,0.00051175104,-0.0009126328,-0.00041609787,0.006727211,0.00039305585,-0.0020973515,0.003055383,0.001913378,-0.0019861406,6.645534e-05,0.003544129,-0.0002839202,-0.001628692,-0.00016350951,0.0001220759,-0.0006198496,0.000942043,0.000116570154,-0.0007994282,-0.0009901929,-0.00021338789,0.00041373435,-2.5666377e-05,-1.6097736e-05,-0.00011285255,-0.0014845624,9.490317e-05,0.0006626188,0.00028154004,-0.00016034115,-4.3237815e-06,-0.0005624546,0.00014552323,0.00030239014,0.00063411414,0.00018343155,-0.0022406671,-0.00070619886,0.00041661097,0.0003948909,0.0015317362,0.00015221746,-0.0010398356,-0.0004191319,0.0002457481,-0.00071893865,-0.0002444801,-0.0024688658,-0.00035316125,-0.0005541914,4.4419547e-05,0.0013453735,0.000237623,0.00012541318,0.00042383512
-0.00081426284,0.00034992292,0.001011472,-0.0008538977,0.0001887409,0.00072544615,-0.0018605503,0.000977834,0.0064678183,-0.0011840607,-0.0019206703,-0.0025030933,-0.0019791154,-0.0008308524,-0.00024551712,0.0012690895,-0.0008251425,-0.0007120641,-0.0020566597,2.59839e-07,0.0010783141,-0.00012723077,-0.000872302,0.0006408035,-0.0003100083,0.0002499408,-0.0005107983,-0.00039268588,0.0006324464,-0.0012621405,-6.0295628e-05,5.7545927e-05,-0.0010368138,-0.00096126366,5.775597e-05,0.00093150476,-0.0011436259,-0.00031202007,0.0001368809,-0.001052805,0.0002737842,0.0006895669,-7.971132e-05,0.0017024558,-0.00017030211,-7.0888316e-05,-0.0015106841,-0.0019060218,-0.00019445666,0.0016534915,0.0007201852,0.0001035491,-3.650284e-05,-0.00066624244,-0.0009676607,0.00035260976,-0.0005685366,0.0006116628,0.0009386651,0.00069638714
0.0010294939,-0.00020219944,0.0002793189,-0.0003317888,0.001362944,0.0004896822,-0.00077373977,-0.0014785109,0.007960431,-0.00102037,-0.0046407245,-0.0032372344,-0.0013490431,-0.0005615186,-0.0019428218,0.00732535,0.009884857,0.036834158,0.058828503,0.05859783,0.028902177,0.0038888536,0.00071580976,0.00033830025,0.004321838,0.0004005246,0.000611181,0.00073169824,-0.0005025938,0.00045818696,-1.2951205e-05,0.0014233155,-0.00010574609,-0.00024637964,-0.00015093817,-0.0010983124,0.00018651201,0.002530871,0.0010392389,-0.0013278965,0.0015667789,-0.0014274835,0.0004585036,-0.00069811754,-0.00023854838,-0.0013496064,-0.001054303,-0.0009141922,-0.00030975323,-0.0008195421,-0.0014743531,-0.0001788802,-0.0001274636,-0.00076437555,0.00012476183,-0.0019097073,0.00054496806,7.746974e-06,1.6420534e-05,0.00016401254
-0.0013722631,0.00066273473,-8.4939995e-05,0.00096452906,0.0006182702,-0.0004736064,-0.00010665931,0.0007670609,0.0029590088,-0.0009730044,-0.005345647,-0.00032589852,-0.0013995767,-0.0022375216,-0.0022684578,0.020033548,0.054280944,0.1444265,0.20881075,0.17760067,0.1039255,0.048745982,0.02793754,0.015577559,0.008320406,0.004048056,0.0051302062,0.00023752218,0.00029487698,-0.0007318853,-0.0010961092,-0.00075732544,-0.00024296576,-0.00051397877,0.0019817823,-0.0005978183,-0.0008491565,0.0013718541,0.00029299455,-0.00053008005,0.0002849781,0.0006807924,0.0004674038,-0.0014115665,-0.00020960753,0.0010573684,0.0004340078,-0.00025694026,0.0011210402,-0.0005813205,0.00014904654,-0.00031889236,-0.0005524359,0.00090204837,0.0008579369,0.00017684186,-0.000104900915,0.0005148216,0.0014155309,-0.000494919
0.00016548461,-0.0024658556,0.00014724676,0.000100214325,0.00012531881,0.00029782765,0.0013109881,0.0008330685,0.00012969796,0.000145372,-0.00061945803,0.005194005,-0.0020305603,-0.0033909976,0.011015217,0.0388576,0.08565547,0.26555717,0.38013276,0.30919644,0.1664174,0.08509658,0.040418383,0.0051057413,0.007861644,0.00755985,0.0070407726,0.0036178634,7.059798e-05,-0.00031243323,-0.000715335,0.0005770334,0.00046184892,0.0005214524,0.0007761363,-0.0007337311,2.2496097e-06,0.00077021285,0.0014838118,-0.00013640849,0.00077516015,-0.00041564243,-0.00033799652,0.00083636213,0.00023439009,7.4593117e-06,-0.00023037777,-0.000640058,-0.0010118152,0.00015049614,-0.0007810984,-0.0017858694,-0.00021290698,0.0009920266,0.00033226656,0.00093171117,0.0014045415,-0.0008885764,0.00038897572,-5.4122647e-05
-0.00013261463,-0.0008973513,-0.0009593699,-0.00011059313,0.000657746,-0.0011316069,-0.00034679053,0.0006824703,-0.0019377082,-0.00045206724,0.0022607073,0.011039368,0.0022921115,-0.0017534839,0.025517631,0.058031745,0.11503741,0.38931778,0.5593717,0.4425276,0.23877338,0.12614746,0.060661003,0.0007031297,0.011407,0.010452295,0.0073895627,0.0029145468,0.0003429437,-0.0009919615,-0.00051794236,0.0006132501,-0.0015406478,-0.0012998891,-1.5585683e-06,0.00047781365,0.0004272249,-3.422948e-05,0.00087474217,0.0011365865,0.00055821985,0.00218128,-0.00012296869,-9.410153e-05,-0.0010938819,-8.2479906e-05,0.0008958664,0.0006634169,0.0009043971,-0.0018686614,0.001962253,-0.00013670838,-0.0007518782,-0.0012213638,0.0013469151,-0.00034612417,0.00041150535,0.001435522,-0.0007099011,-0.0005210326
-0.000500144,-0.0007129905,-0.00053094723,-0.00015409756,-0.0008984747,-0.0018991735,-6.583845e-05,0.00027984008,0.00019400628,-0.00041775499,0.0023067533,0.011482645,0.007227448,0.001516398,0.033084348,0.0697827,0.16302162,0.491069,0.6986376,0.5535863,0.30569857,0.1786198,0.10089667,0.013668131,0.0146917915,0.010460173,0.0075370474,0.00649706,0.004895849,0.0014456214,0.00048271925,0.00017812871,-0.00025426596,-0.00015552389,0.0006322227,-0.00039903913,0.00067505427,0.00021759555,0.0004967095,0.00084311655,-0.0011146178,-0.0013168906,-0.0009217849,-0.0012892867,0.00019961147,-0.0013881202,0.0001256261,-0.00055964803,0.00044992968,-0.0005634742,0.00097188284,0.00023786572,-0.0017980298,-0.0022100215,-0.001076339,-0.0013003917,0.00025510642,0.00010751083,-0.00019187579,0.0005865339
0.0010635025,0.00043242378,-0.0007072026,0.0012552133,-0.0016986484,0.00014639809,0.001036332,5.220878e-06,0.0015948494,0.014991383,-0.0018039795,-0.0017358798,0.010444446,0.0049079773,0.02670129,0.09240919,0.18334773,0.55705816,0.8541206,0.6165832,0.37806037,0.18928938,0.078125626,0.017175034,0.014938534,0.0112822475,0.0063476805,0.004724511,-0.0008046123,-0.00022375351,-0.0011179559,-0.00072553544,0.00067248335,0.00014081597,0.0011963358,-0.0006378374,-0.0005031973,-0.001412109,0.0005349973,0.0006072104,-6.696186e-05,0.00015467952,-0.00021387963,-0.00086660194,0.00029325858,0.002999871,0.0004926361,0.0005353384,7.6638535e-05,-0.0014066376,0.0016451227,0.0016482915,0.0007016179,-0.00035292897,0.00049624924,0.0021329569,-0.00021154864,-0.0009907322,-0.0002768984,-0.00066663395
0.0013081247,-1.7268118e-05,-0.00015689584,-0.00011802465,0.0009403061,0.00022518216,5.3088414e-05,-0.00016637519,0.0006415057,0.013346523,-0.0024109408,-0.0012323582,0.010504671,0.0064858445,0.029752497,0.09351672,0.20108418,0.5799628,0.8887982,0.65024155,0.4017004,0.20688653,0.092994876,0.035782427,0.014272087,0.0113287885,0.007584672,0.005260205,0.00057448936,0.00043232465,0.00111369,0.00018285838,0.00029848085,0.0013384679,0.0027933558,-0.00030159624,-0.0006884975,0.0010097316,-0.00015650713,-0.0017980407,0.0012420998,0.00034171809,7.3755975e-05,0.0011091676,-0.00014540367,0.0008665566,0.00038625626,-0.0013466552,-0.0010592472,-0.00093506,0.0001849113,0.00015184854,-0.00058824616,-4.940736e-05,0.00017267693,-0.000960313,-0.00093949866,0.001233201,0.0006056521,0.0011758341
-0.00013948977,0.00084563904,-0.00095711707,0.0006346414,-0.00120701,0.00035085203,-0.00091150496,-0.0009784225,-6.74678e-05,0.009719598,-0.0013698665,-0.00019997731,0.010011169,0.0057414426,0.024780925,0.08863932,0.20511179,0.58789706,0.9050283,0.6682623,0.4168297,0.20543316,0.09545712,0.051449716,0.015524931,0.010281302,0.008530253,0.0031914436,0.0006769857,-0.00083546276,-3.2273354e-05,-0.0004907283,0.0015236074,-1.638147e-05,0.00025334785,0.0013094118,0.00013829768,-0.00023601056,0.0006480898,-0.0009831926,-0.0012434246,-0.0008839001,-0.00028756936,0.0005487242,-0.0010198237,0.00086400565,0.00019088131,-0.00031421566,0.00077164307,-0.00043143402,0.0002307538,-0.00018643495,0.00028193154,-0.00044466666,-0.0004240516,0.00054085767,-0.00095826224,0.00039855234,-0.00020398916,-0.0013962528
-6.200123e-05,0.00062629324,-0.0008283217,-0.001157885,0.0003881529,0.00038128905,0.00024870466,0.0003416263,-0.0010836213,0.010495905,0.0032415683,-0.0005645128,0.008705087,0.0027481434,0.022250429,0.082550116,0.1850077,0.56062114,0.87392664,0.64623237,0.3974528,0.1856072,0.08115606,0.043325353,0.015678791,0.010966517,0.008130081,0.0022755368,0.0016235127,-0.00018857745,0.0013992023,0.0005818184,-0.00063536875,0.0015746136,0.00047810626,0.00037738937,0.00018229478,0.0013512413,7.927138e-05,0.0010408887,-0.00074338587,0.00010320655,-0.0008814265,-0.00029437104,0.0002624645,0.0006009734,-0.0011883477,0.00018021418,0.00027598022,-0.0006110659,0.0010893531,9.360304e-05,8.514454e-05,0.0005729246,0.0013064259,0.00010020565,-0.00014099362,0.00038951123,-0.0002892234,-0.0009244122
-5.136989e-05,3.8826605e-05,-0.00017631834,9.640155e-05,0.00036792696,-3.5575707e-05,-0.00028224065,0.00019296817,-0.0009943042,0.010850002,0.00075930776,-0.0011509131,0.010240295,0.0019801622,0.018100617,0.07326738,0.16260211,0.5064408,0.79809934,0.58308965,0.3591227,0.16661903,0.06846181,0.037949335,0.014783276,0.011522534,0.0061443807,0.0036664999,0.0006195521,0.00034244359,-0.00068779965,-7.256167e-07,0.0006738533,-0.0009738708,0.0009460882,0.00020890846,0.00032508667,0.0001553297,0.0022781454,-0.0005433527,-0.0008871043,0.00077219517,0.00052579166,0.0029984405,4.0484534e-05,-0.0016751544,0.00097479066,-0.0018772823,0.0006226378,-0.0015551943,0.0012056608,-0.00042920816,-0.00017261738,0.0004277468,0.000510487,0.00041296752,0.0017935704,0.0010865137,-4.2368658e-05,-0.00024366855
-0.00044229475,-0.0002881717,0.0012777175,0.0005630094,0.00037723687,-0.00018562307,-0.00072155334,0.0005227737,6.762595e-05,0.011171932,0.0030523688,-0.0024890765,0.009123584,-0.0015365677,0.012349357,0.069307975,0.14225358,0.44387525,0.6977804,0.4952798,0.31190705,0.15097792,0.06216051,0.027496554,0.014543625,0.010008937,0.006048158,0.0025409441,0.0008515287,-0.00033261813,-0.00086426525,-0.0013160694,0.0006643275,-0.0007156674,0.0007087542,0.0011703721,0.0005702699,0.0005225991,-0.0007425009,-0.0009842938,0.00017960405,-0.00019178446,-0.0014085334,-0.0003775466,0.001509056,0.0001788853,0.00062254793,0.00038872682,0.0011433808,0.00068877824,0.0003353855,-0.00012465892,0.0032677744,0.0004723512,-0.0006345466,-0.00020949217,0.00046187476,0.00039406976,0.00065174466,0.00049670925
-0.0002778587,-0.0008630169,-0.001724697,0.0016194033,0.0009934728,0.00055992836,-0.0010424291,0.0026578614,0.0013529764,0.011978686,-0.0005650022,-0.0038660667,0.0083313035,-0.0015968187,0.010383222,0.065784186,0.12189589,0.37265489,0.59401554,0.40116054,0.25895295,0.13064684,0.053843495,0.016466511,0.012426546,0.010951434,0.006036998,0.00078981277,-0.0017784655,-0.00061506184,-0.0016239806,-0.0018369947,-0.0011308314,-0.00052525196,-4.4840155e-05,-0.0014367204,-0.001476743,-0.0012903378,0.00019686366,-0.0002595327,0.0012622562,-0.00062112557,-3.4685712e-05,0.00063652836,-0.0005074228,0.0003142911,0.0002908591,-0.00092683826,0.0006577949,-0.002065138,0.0005631326,2.2277236e-06,-0.0004296354,0.001364365,0.0009245146,-0.00078740716,-0.00023897015,0.00041435473,0.0012403,9.755837e-05
0.0007914726,0.000676987,0.0009870643,-0.00025747577,0.00047798036,-0.002316017,0.0005378919,-0.0013388786,-0.00038958644,0.011435739,-0.00075461157,-0.0038049188,0.013003509,-0.005161415,0.0049621575,0.05971575,0.09541916,0.32473233,0.51896906,0.3331001,0.22129878,0.11594377,0.041437693,0.0070206188,0.01228093,0.008812076,0.006656863,0.00014274009,-0.0019764905,-0.001550741,0.00062633865,-0.001545378,0.00016951654,3.3843797e-05,-0.0011979016,-0.00047130883,2.7767383e-05,-0.0006922919,-3.8675353e-05,-0.0009351085,0.00032489785,-0.0009110202,0.0004975563,0.0018647569,-0.00052177435,-0.0011506502,0.00013687939,-0.00029758108,0.0006557768,0.00035388296,0.0006674813,-0.00086836074,0.0012172507,0.0005432344,-4.162977e-05,-0.00013681687,2.7148053e-05,-0.0015825247,-3.2382086e-05,-0.0012430095
0.0010630543,-0.000494787,-0.0005234257,-0.0019144677,0.0015934524,-0.00028436014,-0.00052873616,-0.00079477415,0.007878265,0.00605805,2.2156164e-05,-0.0055959504,-0.0056877206,-0.000984482,0.014515169,0.030256648,0.08691082,0.26226026,0.37681407,0.30022946,0.16110721,0.08232508,0.04363818,0.013041296,-0.002500747,-0.00221527,-0.0012131324,-0.003992494,-0.0028587494,-0.0014627678,-0.0021644775,-0.0010990724,-0.0010235738,-0.0013307922,-2.8085895e-05,-0.0012069057,0.0017044256,-0.00066426524,0.00070061116,0.000631783,0.00055732846,-0.0013308115,0.00034228925,6.470721e-05,0.00085017673,0.0011766194,-0.0008291817,0.00072667643,-0.00013784878,0.0001999919,-0.0010063839,0.00069053564,-0.0008908615,0.00071794516,-0.00012228754,-0.00029200374,-0.0004138311,-0.0009128065,0.00088894437,0.0013683056
-0.00018615951,-0.00071287353,0.0007644524,-0.002537209,0.00015627453,-0.0003831284,7.666541e-05,-0.0007303292,0.0036063422,0.0018398366,-0.0021639122,-0.0073821675,-0.0036415216,0.0007862402,0.01644604,0.027244153,0.060159296,0.22325325,0.3238147,0.25584903,0.13385364,0.071072005,0.037437595,0.0050286753,-0.0047761826,-0.004198918,-0.0029842984,-0.0022509731,-0.0010759961,-0.0008885972,-0.0025593806,-0.004015915,-0.0029231766,-0.0009269593,0.00019672979,-0.0012598336,0.00049021817,-0.00041833118,0.00015627185,0.00033653132,-0.00041853217,-4.7840178e-05,0.00026748455,-0.00033904356,-0.0005572941,0.0002993464,-0.00075465115,0.00095321843,0.0007217466,-0.0002934658,-0.00025809777,-0.00038069347,-0.00092093134,-0.00044786534,0.0009965687,0.0005264873,-0.0006957883,0.0006876306,-0.00091572106,-0.00059892563
-0.0002541492,-0.00028598215,-0.00096144946,0.00032771798,-0.0013044935,0.00054584595,-0.0004394505,3.579352e-05,0.0023389505,0.0019057505,-0.0034280643,-0.0076321177,-0.004718871,-0.0071928464,0.011672945,0.023008293,0.03370524,0.16848591,0.25177255,0.19446523,0.10135729,0.057702817,0.025798028,-0.0040908568,-0.0028810496,-0.003484331,-0.0024328027,-0.0024531055,-0.005409266,-0.0038893428,-0.0029665064,-0.0036170417,-0.001170991,-0.00037205312,-0.0014016937,0.0005342551,-0.0010464569,-0.00029225787,0.00028837635,0.00030055473,-0.0011252896,-0.0011895671,0.001752126,-1.211316e-05,-0.0006724624,-0.00026935304,-0.00036386587,-0.0003530191,0.0021008288,0.00074986694,0.00089687435,0.00021564192,0.0014075354,-0.00042084034,0.000749774,0.00097022275,0.0012291102,0.0006002921,0.0004595688,-0.001561103
0.00017524482,-0.000307022,-0.0004566803,0.00035806966,0.00053248846,0.0017715228,0.0006631613,-0.00024983776,0.00395044,0.0023778789,-0.00559997,-0.005817822,-0.008245308,-0.005773304,0.008313898,0.019116104,0.030524787,0.13033223,0.18746254,0.14231327,0.07318936,0.03859989,0.016794268,-0.0027409075,-0.0041003227,-0.0036228579,-0.005331855,-0.00509369,-0.005425245,-0.0039348584,-0.0051863147,-0.0029023555,-0.0026777582,-0.0024838736,-0.00094540976,-0.00038211886,-0.0001829816,-0.0003583848,-0.00021513161,0.00088322745,0.0012747659,0.0002227556,0.0003379397,-9.889435e-05,0.0014011986,-0.0012766835,-0.0005159147,-0.0010177246,0.00014510797,-0.001468885,-0.00088604784,-0.0006277901,-0.0006770415,-0.0008170721,-0.00011332426,0.0011179177,0.00020804163,-0.0014129002,0.0016001263,-0.00095285825
0.0005194638,0.00022047712,-3.9830687e-05,0.000105520245,0.00040686736,-6.0714665e-05,0.00027950015,-0.0002781701,-0.00075040385,0.0015988395,-0.0044185854,-0.007544322,-0.0042821616,-0.0034437887,0.0049888566,0.010544494,0.033813097,0.1086609,0.15022792,0.107236385,0.055432905,0.033535708,0.013837834,-0.0051110564,-0.00416732,-0.007645442,-0.005530071,-0.003122393,-0.004826489,-0.0015942212,-0.0050210897,-0.00052580284,-0.0029682154,-0.0022420804,-0.0011100564,0.00047217123,-0.0011630249,0.00019247795,-0.0009591938,-0.00014039525,-0.0010845703,-0.0002744866,0.00016728113,-0.0005042686,-0.0005114194,0.00017391983,0.0013445024,0.0001033392,-0.0013480466,0.0009384474,0.000663426,-0.0019072441,0.0014196752,0.00010115886,-0.001794178,-1.8806932e-05,-0.0006037068,-7.99289e-05,-0.0006006444,0.0008516358
0.0001706807,-0.00056281034,-0.000106105115,8.041668e-05,-0.0005972327,0.00011978252,0.0006982698,0.00017946167,0.0012222384,0.002485264,-0.0049215197,-0.007728423,-0.005307334,-0.0068434994,-0.00048175827,0.0043687946,0.033777744,0.09258129,0.12295003,0.0888756,0.04167108,0.022726241,0.01118217,-0.0057525686,-0.005967447,-0.0074462434,-0.0018162169,-0.0066595413,-0.003960084,-0.005404003,-0.005484082,-0.00059384666,-0.0027794312,-0.0025610882,-0.0025915448,0.0015392369,-0.001300128,-0.00088811433,-0.0007464259,-0.00026387395,0.00031961594,-0.00061851594,-0.0005083401,-0.0010665099,0.0003269096,-0.0003796108,-7.082778e-05,0.0017077518,-3.9611536e-05,-0.0007759121,0.0016127087,0.00024035294,0.0008130213,-0.00025101053,0.00052131875,0.00022856437,-0.0004946613,-0.0007176349,0.00034384825,-0.002429486
0.0013651303,0.0003833815,0.00095036393,0.00042386213,0.0012046089,-0.00053503434,0.00041552167,-0.0005761836,-0.0007166778,0.001820629,-0.0040349783,-0.0032064915,-0.0041430853,-0.006185244,-0.0031095552,-0.00041810796,0.011940688,0.065922685,0.10147298,0.06855531,0.026135817,0.011631999,0.009669868,0.0012908542,-0.0052768374,-0.0061288327,-0.0032040507,-0.003849987,-0.0046735294,-0.0035905954,-0.0020198338,-0.0035993734,-0.002229957,-0.0029960393,-0.0016090369,-0.0012142886,-0.00017626188,-0.0004798416,-0.00070227846,4.8234593e-05,-3.076275e-05,-0.00042337307,-0.00073449407,0.0010863296,0.00028735684,0.0003388999,-3.7265243e-05,-9.827595e-05,0.00031918078,-0.0013966742,0.0010420497,0.00046908262,0.0016049505,-0.00064440875,0.0020087168,0.000364871,0.0001998914,0.0013152198,-0.0011604506,0.0006028151
-0.0007266971,0.0003068297,-0.0011207401,-0.00013027247,-0.0014494661,-0.0004897326,4.2860862e-05,0.0008074535,0.00011074729,0.001811353,0.0012687016,-0.004006978,-0.010421529,-0.0067385826,-0.0057647615,-0.0010149196,-0.0034158425,0.048368733,0.07948298,0.056974873,0.0151073495,-0.00065048505,0.00021780655,0.0039325934,-0.0050213337,-0.0054476187,-0.0035514291,-0.00531856,-0.0046830922,-0.006134706,-0.00599867,-0.0041749156,-0.0010919999,-0.0034188936,-0.0019297157,-0.001303032,-0.0021029208,0.00058127847,-0.0006523472,0.00065456406,0.0007382373,0.000510943,-0.00020094402,1.5058758e-06,-0.00056096626,-0.0010350798,0.0006943224,-0.0014123165,0.0023916718,-6.087171e-05,0.0012711342,-0.00059427787,0.0005767868,-0.00046449882,9.292166e-05,-0.0004946537,-0.0005349519,0.00038618303,0.0015573716,-0.00017662253
0.0003424749,-0.0008093198,0.00043053308,0.0002540631,-9.75703e-05,-0.00082630944,0.000512355,0.00058317254,0.0005629781,-0.0017761854,-0.007367732,-0.0110449055,-0.006189272,-0.006988572,-0.004768034,-0.003988927,0.005077026,0.033517964,0.050258193,0.035626292,0.018011846,0.0109767895,0.0016209986,-0.0054513263,-0.007027384,-0.0068733115,-0.0064868545,-0.00846178,-0.0059689097,-0.0042486843,-0.0037844842,-0.0042118095,-0.0025577606,-0.000533998,0.00016018283,0.00017073448,-0.00039395326,-9.888876e-05,-0.0013699187,-5.0054397e-05,0.0006054789,0.0009222063,0.00020633731,0.00096432865,-0.0008505577,-0.00047553703,-0.0014294139,0.00065965066,-0.00067256996,-0.00020719337,0.00011492055,0.0009225472,0.0005939117,0.0019984026,0.0006840951,0.00027971022,0.00015509513,0.00027849502,0.0013788491,7.3886535e-05
0.0017130803,0.00058320776,0.00018605997,-0.0017194342,0.00010991027,0.00013412221,0.0012297933,-0.000573142,0.0019538724,-0.000906512,-0.0047560968,-0.0072728684,-0.0040520597,-0.007679547,-0.003909886,-0.004729752,0.0055810623,0.035376083,0.04944268,0.0344754,0.018984247,0.011781724,0.00039630104,-0.0077624195,-0.005993151,-0.004786684,-0.005257219,-0.001797568,-0.004748959,-0.0037880894,-0.0057893908,-0.0009774715,-0.0021170212,-0.0020140475,-0.0031568138,-0.0016835318,-0.00016775355,-0.001349261,0.0011929402,0.000883245,0.0015538787,-0.0007322724,-0.0001075333,-0.00025288807,-0.00075517234,-0.00016799662,-0.0011472951,-0.0016173108,0.0011711994,-0.0010860661,0.0013194578,0.00046638376,0.00030879426,0.00029397267,-0.00087531423,-0.00072670623,0.0006461893,-0.00039783597,-0.00087662716,-0.00013360492
0.0015530601,-0.0004187869,0.0005570094,-0.0003785669,-0.00040630298,0.0001374688,-0.00030661374,0.00020305929,-0.00015825313,0.000788474,-0.007868497,-0.008220113,-0.005299907,-0.005077225,-0.0023503844,-0.0037108865,0.001811889,0.031334635,0.045855768,0.029846963,0.01566539,0.007350183,-0.0005217185,-0.0056269183,-0.0057393727,-0.0057793627,-0.0067901537,-0.003976565,-0.0055888896,-0.0049130414,-0.0033527035,-0.0026312862,-0.00057754107,-0.0011837129,-0.0015691719,-0.000846728,-7.5509306e-05,5.924236e-05,-0.00023253955,0.0007930035,-0.00016209064,0.00022222125,0.0003847953,0.0012712341,0.00050444144,-0.0005242503,-0.00091923564,0.00048454286,0.0020081634,9.678304e-06,-0.00089540053,-0.0021963245,-0.0004321502,0.00046737702,-0.0006766293,0.0011114031,-0.0024803032,-0.00071431324,-0.0013001591,5.3539872e-05
-0.0006730403,0.00033439486,0.0016859923,-0.0001418658,-0.0015439779,0.0021243924,0.0007118394,0.0004302191,-0.000102270395,-0.0008514847,-0.0054704286,-0.0068274033,-0.0058962926,-0.00451834,-0.0028759143,-0.004775688,0.00080612325,0.027759837,0.04193075,0.026922986,0.00607391,0.0065184776,0.00013737194,-0.003381447,-0.002223147,-0.005703781,-0.0021309983,-0.0019642552,-0.0030107638,-0.0040294435,-0.0034954734,-0.004538709,-0.004390819,-0.0006796196,0.0002328325,0.0024265265,-0.0014359246,0.0016043233,-0.0017706607,0.0013736379,-0.00044204667,0.00016028027,0.00019953959,0.000302544,-0.0014950405,0.0019704057,0.0006700144,-0.00117554,0.00010582805,0.00036761293,-0.0003498981,0.0002384251,0.0014029033,5.5943106e-05,0.00081559084,-0.0006578313,0.0005225949,-0.00084505696,-0.0007078394,-0.0006190005
-0.00061189826,-0.00075452845,-0.0007961311,-0.0003412821,0.00021551829,-0.00016367564,-0.0006636241,-0.00079709303,-0.000888461,-0.0017437777,-0.004735197,-0.0055617318,-0.008057807,-0.0033118902,-0.004510803,-0.0010721255,-0.0006426284,0.02519102,0.03179184,0.01875601,0.0046656113,0.004189593,-0.00040171482,-0.0041320063,-0.005652029,-0.005718559,-0.0042024143,-0.003707271,-0.00514142,-0.0003253891,-0.0031173695,-0.0019524116,-0.000777008,-0.0013635345,-0.0007953034,-0.00078417745,-0.00066352077,0.00019202085,0.00072235754,0.0002355231,0.0006413866,0.000120820885,-0.0003225922,-0.00068568264,-0.0018274058,-0.00046699308,0.0020608916,0.0005866765,-0.0006658086,0.00042388227,-0.0013229391,-0.00033776823,0.0008449475,-0.00036561396,-0.0013536375,0.0026727987,-0.00037924125,0.0006331827,0.00022668578,-0.00029277647
0.00014607469,0.0014909692,0.0002298053,-0.00031440938,0.0003108203,0.0025897115,0.0001705368,-0.0005394211,0.00053632166,-0.000578705,-0.0026545115,-0.0056989794,-0.005068317,-0.0032304795,-0.0027843446,-0.0015303027,-0.0024172552,0.018525448,0.030400943,0.01884521,0.0028755218,0.0009183092,0.00071593374,-0.0018451642,-0.004884404,-0.0028753737,-0.0034857062,-0.0036258646,-0.004177496,-0.0049709557,-0.0020101143,-0.0043563717,-0.0006647066,-0.00052265637,-0.00068349764,-0.0011700145,-0.0006896956,-0.0014953746,-0.001008594,-0.0009773667,-0.0014469109,0.0012720871,-0.0003331091,-0.0007436505,0.00041197822,6.55005e-06,-0.00063627586,0.0015335267,-0.0014679127,-7.935008e-05,0.0006196452,0.00082927255,-0.001982641,-0.0009237849,0.0012475788,0.0021039462,0.0008174884,-0.0011888202,-0.00036412734,0.0006860255
0.00035913568,0.0011087483,0.0009684469,0.00034298992,0.0006101974,-0.00014864048,6.528851e-05,-0.0005656788,-0.0014697348,-0.0010234145,-0.0045510144,-0.0059386846,-0.0048499424,-0.0029671807,-0.0023161708,-0.0010369578,-0.0007435819,0.015743403,0.026995728,0.012806881,-0.0006010323,0.00054746214,0.0007274138,-0.0034352047,-0.0035502166,-0.00023018569,-0.0021851533,-0.0037256582,-0.0013885444,-0.0030843895,-0.0023159431,-0.0025805943,-0.0020201458,-0.00038279057,-0.0005612583,-0.0016260864,-0.00084916013,-0.00042629708,0.00055658026,-0.0014643141,-0.00091736566,-0.00034812407,0.0005089678,-0.0003335867,0.0012272598,-0.0008864511,0.0005598915,-0.0005515509,-0.0014795339,0.00059706974,9.1846916e-05,-0.00044241297,-0.0010402276,0.0019058998,0.0002617204,-0.00068552105,-0.0008751559,0.00033235364,-0.0004671011,-0.00046701758
-0.0013940479,-0.00087989913,-0.00097586965,-0.000419449,0.0004073209,-0.00055311364,-0.0010183994,-0.0005682602,0.00075070735,-0.0005811072,-0.006494298,-0.0033387847,-0.0043027955,-0.00227026,-0.0023830794,-0.0045836866,-0.0024237041,0.015356854,0.02344099,0.00962,-0.0026570577,-0.0013667485,0.00013428088,-0.002872148,-0.0027119648,-0.001592055,-0.003987506,-5.532056e-05,-0.003131112,-0.0030141417,-0.00020862464,2.9597431e-05,-7.2300434e-05,-0.0012934471,-0.00072040455,-0.00056669954,-9.98294e-05,-0.0012554107,-0.00032805442,0.000555272,-0.0016319366,-0.00084877433,0.00029355905,-7.8137964e-07,0.00027763052,-0.0006421925,0.00071976706,2.9421644e-06,0.00024037715,-0.0013718614,5.7388505e-05,0.0003675351,0.00031419576,0.0016255972,-0.0008851923,0.00032318337,-0.00032610307,0.00014370005,-9.7692246e-05,0.00064007146
0.00030738025,6.670889e-05,-5.6378543e-05,-0.0010752658,0.00017901091,-0.00064147724,4.0776562e-05,0.00021054223,-0.0009608164,-0.0006863056,-0.0018476117,-0.0025978163,-0.0026357127,-0.0008368809,-0.0037272675,-0.0025828604,0.0069182497,0.010256059,0.009925116,0.009628709,0.00844872,0.004568882,0.0026397342,-0.002772448,-0.0021271175,-0.00040205196,-0.0025993795,-0.0013345126,-0.002589936,-0.0021500238,-0.00094053335,0.0005298136,-0.0013883783,-0.0006599005,-0.0021051653,7.127784e-05,-0.00057528715,-0.0011789291,-0.0008045556,0.00047230153,0.0004746616,-0.00018244679,-0.00025905343,0.0008938723,0.0016237657,-0.0010032462,0.00013518764,0.00015121407,-1.62418e-05,-0.0010241101,0.00047750218,-0.00025106734,-0.0010832986,0.00055275427,0.0010314898,-0.00057416275,0.00044266693,0.00041744136,-0.00077837455,0.0005001102
0.00058331573,0.00039612572,0.00017925841,0.00015111524,-0.0009007083,-0.0011493415,0.0007457922,0.00017598178,0.0023664692,-0.001459879,-0.0030459408,-0.00166177,-0.0009105429,-0.0017354582,-0.00011880882,-0.0041047507,0.0072906893,0.0048979167,0.009178322,0.009199549,0.0070968503,0.006866177,0.001718021,-0.0031678956,-0.0015302219,-0.00017512683,-0.0018692268,-0.0007657688,-0.0024704617,-0.0014832681,-0.003924461,-0.0022949437,2.838485e-05,-5.520601e-05,-0.00029970706,-0.0015036245,-0.00069555873,-0.00048207835,-1.5581027e-05,-0.0009698764,0.0012800461,0.002028393,0.0002490352,-0.00038329093,-0.0009929165,0.00014305254,-0.0012117149,-0.0006062989,0.00062310824,0.0003657309,-0.00040677033,0.00027932652,-0.00055949343,-0.0005679233,-0.00024007243,-0.00022021309,0.0013500487,-0.001438804,-0.0002160208,0.0004551448
-0.00084326323,1.7963117e-05,0.0010034431,-0.0010763479,0.0014904877,0.00020185811,0.0015057516,-0.0012291556,0.00022222125,-0.0005079573,-0.002076553,-0.0019909549,-0.003239589,-0.0014394661,-0.00019758102,-0.0018667104,0.0066602333,0.00566326,0.010162047,0.009628041,0.006447574,0.0035375915,-0.0032305834,-0.00057396735,-0.0014869748,-0.0017711767,-0.0018823384,-0.00291618,0.0018949481,-0.0006976162,-0.001182883,-0.0039954158,-0.0002090875,-0.00055620726,-0.00041828956,0.0015970813,0.00033460627,-0.0005540536,0.001249864,0.00026621297,0.0007407227,-0.00019224687,0.000100400764,-0.00089637435,0.0008879227,-0.00011546249,-0.0015980678,0.00026721018,-0.0016408116,1.0173419e-05,-0.00089509477,8.366676e-05,0.0007502632,-0.0010523163,0.00034151273,0.0005820198,-0.0009919684,-0.0004782828,0.00047430862,-0.0002869293
0.0008803585,4.0270155e-05,0.0009388733,0.0014781724,-0.00014850358,8.321367e-05,0.00061500113,4.6658708e-05,-0.0001402346,0.0010153321,-0.0010682791,0.00015250593,-0.00039037364,-0.0016688444,-0.0020665955,-0.0002493686,0.003041877,0.0054788655,0.008056762,0.0058096857,0.0062947944,0.0008960711,-0.00024550222,-0.0017385739,-0.0016447483,2.8075418e-05,-0.00070720166,-0.000121917576,-0.0013257256,-0.00075569376,-0.0010019061,-0.00031697843,-0.00051139574,-0.0021971776,-0.00020161737,-0.0005011214,-0.0020230717,-0.0004797189,0.0005206998,-0.00010461561,0.00030137203,-0.00014345394,0.00019204966,-0.0005121825,-0.0010388852,0.00030219206,3.4390017e-05,-0.00039884634,0.00051728333,-0.0012016953,0.00022661133,-0.00046761474,-0.00011359085,0.0026245238,0.0012388469,0.00052955933,0.0008240747,-0.00025151018,0.0010336332,0.0004618715
0.00014639122,-0.00024443818,9.176228e-05,7.627159e-05,-0.0013550625,0.00068782934,-0.0006963281,-0.00043996703,0.00047959108,-0.0013111024,-0.00226958,-0.0025957082,-0.0028069532,-0.0008870899,-0.0020058514,-0.0024415934,0.002608764,0.0038338637,0.0049203523,0.006619301,0.0018450683,0.002650314,-0.0012260382,-0.00039194012,-0.0007121954,-0.00080090633,-0.0014762534,-0.0005974686,0.0015648967,0.00068735145,-0.0010703378,-0.0009295484,0.00053261966,-0.0013868297,-0.0012372392,0.00057350594,0.001188484,0.00068411307,-0.00033846177,0.00013374118,-0.00056527555,-0.0004832156,-0.0013623461,0.00073531637,-0.0010056336,0.00022206665,0.0010787186,0.0006044471,-0.0006509438,-0.000564366,0.0007220104,0.00016103964,0.00054121757,0.0005312199,-0.001144548,0.00062383106,-0.00012784719,-0.00066374056,-0.0012287335,-0.00043010886
-0.0016253752,-0.00018965779,-6.822194e-05,0.00046494417,0.00034462364,-0.00042334176,0.00034123054,-0.0014555072,0.00085359707,0.0024555307,-0.002228653,-0.0004937928,-0.0010045483,-0.0010521784,-0.0004676329,-0.0014409423,0.0033505957,0.0031491658,0.0035208229,0.003669065,0.0040498935,-0.00058679795,-0.00057491707,-0.0026005814,-0.0010763904,-0.0018961795,-0.0034389873,-0.00046425033,-0.00016336143,3.36112e-05,-0.00075586326,-0.0012480442,-0.0001024229,0.0014650804,0.00052797236,-0.0003449463,0.001066834,6.028451e-06,0.00066660275,9.948853e-07,0.002045898,-0.0017561688,-0.00095552485,-0.0010598637,-0.0013546244,0.0009044146,0.0008905828,0.00015191198,-0.0018101637,-0.0005015668,-0.00011992676,0.0003410575,-0.0011537811,-0.0010312172,-0.00016777357,-0.00044429128,0.00026344846,0.0002824429,0.00018674345,-0.000121336634
0.0004441638,-0.00076148094,-0.001385991,0.00102115,-0.00042884133,0.00094309455,0.0010830483,0.00089927064,0.0015018252,-0.00084236485,-2.0441134e-05,0.00047818944,-0.0020467367,-0.0015957141,0.00026430096,0.00058855815,-0.0011092378,0.0032515358,0.0028170943,0.0026443193,0.002346575,0.00042392686,-0.0005176477,-3.4837052e-05,-0.000961225,-0.002070665,-0.00025594886,-0.000100673176,0.0011881785,-0.001367005,-0.0013382225,-0.0005165143,0.000482277,-0.0003812184,-0.00058327336,-0.002176416,0.00027453236,0.00064260396,-0.00017354614,9.3716895e-05,0.00020073057,0.0007623434,-0.00097592967,-0.0005363808,-0.0005484633,-0.002138565,-0.00042125233,-0.0003331073,-0.001267843,-9.63714e-05,0.0003228821,-0.0008077851,0.00048567785,0.00050110975,-0.0003769445,0.0005274592,0.00023379689,0.00017459155,-0.00059384387,0.0017710584
-0.00029633293,0.00071356236,-0.0005985521,0.0006254029,-0.0009343432,0.00034599425,0.0010398532,-0.0017275447,0.00077696284,0.001035945,-2.8720591e-05,-0.00072700623,-0.0012474153,-0.0018890095,-0.0003005052,0.0005906662,-0.0021261312,0.0023989766,0.00317785,0.0028305366,0.0036263368,-0.0028608474,-0.0009902585,-0.0023048713,-0.00057861814,0.0012562578,-0.00010468997,-0.00010744552,-5.9631915e-05,-0.0021837624,0.00050514797,8.728611e-05,0.00013172941,-0.0022886647,-0.0014204253,-0.00055839587,0.00069667865,-0.0001140337,-0.0011533435,0.0007260196,0.00039473572,-0.0002776892,-0.00048338762,0.00017707737,-0.00013830967,-0.00063049316,-0.0009260387,0.0006994391,-0.0018095429,-0.00076064176,0.0003168962,-8.1044156e-05,-0.00035427147,0.00012357329,-0.0007864714,-0.0005006192,0.000935195,-0.00063747517,0.0006488387,-0.0010026036
-0.0009508832,3.0530966e-05,-0.0004353412,-9.038835e-06,0.00026593753,-7.747067e-05,-0.0004092112,0.00020193803,-0.00049996615,0.0008573106,-0.0015790258,-0.0004789289,-0.00030899327,-0.0009497008,0.0003406983,0.0006910367,0.00047840085,0.0007258891,-0.0016865723,0.00040430925,-0.0004104115,-0.00091060717,-0.00011410285,-0.00091163255,0.00023156474,-0.0012735585,-0.0018374566,-0.0010390827,0.00082011195,-0.0012081326,-0.0005555337,-0.0028383494,0.0005743501,3.865402e-05,0.0004378974,0.00022271276,-0.0020636288,0.0010511535,-0.00033465173,0.0008669464,0.0008843676,-7.1838964e-05,-0.0015770223,-0.00018336391,-0.0009153099,-0.00020461925,-0.0007034683,-0.00015931309,-0.0014041003,-0.0012328345,-0.00040190434,0.0013402039,0.00070027995,0.0011530423,0.00027906333,-0.00055431935,-0.00011844409,0.001159966,0.00035354798,-0.001809703
0.00069415156,0.0011798057,0.00020214327,0.00017637118,0.00034070696,-0.00013939943,0.0003102193,-0.00011209637,-0.00016693375,-0.0010318891,-0.0011371672,-0.0014487294,-0.0015852391,-8.93618e-05,-0.00023460382,-0.00280756,0.0002170843,-0.0007371169,-0.00065452897,0.0016534661,-0.00073254015,-0.00063517573,-0.0001659044,0.000422328,-0.0010337499,0.00028006174,-0.0014332496,-5.521893e-05,-0.00077861454,-0.0010735252,-0.0005763047,-0.0016101728,-0.00059886783,0.00020050324,-0.00045312513,5.9638347e-05,0.0012591206,-0.00032234302,-0.0006013992,0.00015002844,0.00022815261,-0.00024182026,0.0019968916,-0.0006711519,-5.190418e-05,0.00052489823,-0.00070980424,-0.00036057155,0.00057735085,-0.00039469957,-0.00051217875,0.0015744088,-0.00035180646,-0.001324676,-0.00024542678,-0.00059793796,0.002219989,-0.00071966276,-0.00025371392,-0.000910183
0.0011160513,0.00068077794,-0.0005436583,0.00024637056,0.00019648904,0.0011254451,7.1382616e-05,0.0005540702,0.0015813294,0.00030948868,-0.0013459711,-0.0009871451,-0.002117447,-5.334057e-05,-0.0012661167,-0.0026695633,-0.0005399678,-0.001058954,0.0004196145,7.976813e-05,-0.001631964,0.00012196181,-0.00077321706,-0.00034249245,-0.0020935424,-0.0016822373,-0.0017621473,-0.0019042381,-0.00097475294,-0.00010595564,-0.0017118028,0.0005393453,0.00034594245,-0.0007779831,-0.00034035213,-0.00026636885,0.0013645634,-5.539169e-05,-0.00069494103,0.0006512909,0.00054807996,-0.000585987,0.00024943077,-0.0011960011,0.00040831906,0.001982085,0.001070236,-0.0012852418,-0.00066867215,-0.00041940832,-6.751809e-05,-0.0008454304,0.00022060378,-0.0019144114,-0.00044107065,0.0018886398,0.00020489469,-0.0003873834,0.0005498491,0.00076622376
0.0008723619,0.0016234205,-0.00053691526,0.0010668999,-0.0014213092,0.0012176288,0.000401058,-0.0005678188,-0.00035553798,-0.0010085485,-0.0011570177,-0.00019685831,-0.00019790884,-0.00090564275,0.0005851607,-7.1814284e-06,0.0005045077,-0.00070233457,-0.0018687891,-0.0008504299,-3.64664e-05,-0.0009035243,-0.001021991,0.0018066461,-9.980844e-05,-0.00072646886,-0.001210589,-0.00117671,0.0012624405,-0.0009465716,-0.00034790998,0.00038944115,-0.0007583285,-0.00054094224,-0.00086349994,0.00028588285,0.0003259855,-0.0002678833,0.0013191166,0.0003676499,0.0006169821,-0.00034169125,-0.00031571847,-0.0009433185,0.0008277631,0.0009957165,-0.0005495809,0.00033850968,-0.0007412099,0.0029358766,-0.0011777612,-0.00043934165,-0.0002129646,0.0014602732,-0.00031208433,0.00076153054,0.0018180683,0.0009839938,-0.0009144528,0.00020646484
0.00013592001,0.00044967746,0.000112642534,-6.106682e-05,0.0006400151,-0.0006946797,0.0010964749,-0.00011613686,0.00026137452,-0.00053738244,-0.000839585,-0.00065416424,0.00015399628,-0.00079404603,0.00038447464,4.9675233e-05,5.3595286e-05,-0.0011421464,-0.0015470005,-0.00032077415,-0.0022118217,-0.0003274735,0.0008562985,-0.001335975,-0.00084080093,-0.0011353849,0.0007305357,-0.0010218045,-0.00030952203,-0.00011239643,-0.0014124741,-0.00012614205,-0.0011792049,0.0020129923,5.8159465e-05,-0.0009082642,-0.000619208,0.0005543631,-0.0007663421,-9.900829e-05,-0.00019942189,-0.00045212917,-0.001017581,0.00056215125,0.0004183146,0.0003620485,-0.0007320754,-0.0015293472,-0.00094302464,-0.0009086895,-0.00038274494,0.00024970016,-0.00021960447,-0.0012346745,0.00026061153,0.000271302,-0.00048347423,0.00034473836,4.5687993e-05,0.0010863827
0.0013222531,5.737203e-05,-0.00017091446,-0.0009562565,-0.00063848123,-0.0013529339,-6.88734e-05,0.00031010387,0.00037944503,4.972465e-05,-0.002007193,0.00013471255,0.0007677614,-0.0014117081,-0.00030233245,0.00026008673,0.000913952,-0.0013545207,0.0001522745,-0.0007014363,0.00050321815,-0.00011128327,0.0019879073,0.00075786235,-0.00216863,0.0028251184,-0.0016652127,0.00013708783,0.0009336514,0.00023084576,-0.00044368455,-0.00058541866,-0.00018748408,-0.00033486227,-0.0018871094,-0.0003757329,-0.0011323013,-0.0015520593,-0.0014376712,-0.0016300017,-0.00055260747,0.000102504855,-0.0007319839,0.00020653379,0.00017225265,-0.00037814025,-0.00051703467,0.0001721626,0.00021196017,-0.00013218937,0.00071217277,-0.0004213519,-0.0006286325,0.00023500947,0.0006193368,-0.0011768808,-0.00031915883,-0.0011619455,0.0012587802,0.0006498468
0.0008743603,-0.0011896534,-0.0013094558,-0.0007164909,0.0010158544,-0.00027467683,0.00042791967,-0.00010891253,-1.6325153e-05,-0.001310775,-0.0006127567,4.8100017e-05,0.0014716517,-0.0001720012,0.0009969143,6.462983e-05,-0.0021206676,-0.0003625409,-0.0017226258,0.0003575068,0.00032631063,-0.00093224435,-0.0006326698,-0.001389507,0.00034090737,-0.00012196583,-0.00095466897,-0.0015644073,0.00063793454,0.00063806784,-0.0022187596,-0.00048949034,0.0015832831,-0.00015997875,0.0005053653,0.00021993782,-0.0010210368,0.0004138441,0.00034160377,0.0003994815,0.0003024608,0.0012707855,0.00063862326,0.00054966845,0.0011788215,-6.258767e-05,0.0004703179,0.00051989476,-0.00014937809,0.0012963836,-0.00022979925,0.0005411892,0.00070041744,0.00012424588,-0.0006131842,0.00067519094,0.001113699,0.0002917638,-0.0006127268,-0.00020627852
-0.000122004654,-0.00030873087,0.0007106131,-0.00087070884,-0.00030393223,0.00085520395,-0.0028397343,0.00014791032,-0.00075689843,0.0010741509,-9.386719e-05,-0.0018774832,0.0002753851,0.00010236865,-0.00031107492,0.00071994355,0.00011457177,8.3813386e-05,-0.00034647156,-0.0011332136,-0.0003196802,0.0005785427,-0.0019450807,0.00025815098,-0.00016400614,0.0016601002,-0.00030671153,0.0002724165,-0.00015987968,0.0014538197,-0.0013283868,-0.0005892322,-0.00033383304,-0.00023578876,0.0002584455,-0.00057200785,-0.00034411837,-0.00026253657,-6.590504e-05,0.0006302176,0.001337778,-0.00016186306,0.00021810544,0.0014719063,-0.0020550922,0.00028370973,-0.00023773836,8.223532e-05,0.00019547949,7.695751e-05,-0.00091790693,-0.0003259529,-5.5111945e-05,-0.000300623,0.000109531684,0.0005904886,0.000873032,-0.0004266548,-3.892777e-05,-0.0006268949
0.00015461887,-0.00013484183,-0.0012274445,-0.0008223832,0.00043700705,0.00014549377,0.0008334792,0.00046896096,-0.00027982588,0.0015200134,0.000955113,-0.0005692956,-0.0019160678,-0.001762578,-0.0006783763,0.00011835375,-3.237836e-05,7.4918615e-05,0.0008319139,-0.00023467327,-0.0001634676,-0.00030890398,-0.00043664972,-0.0014241493,-0.0019844994,-0.0002521607,0.0012491029,-0.0006004274,-9.6292e-05,-0.00064043165,-0.00047236413,-0.0005688066,-3.022654e-05,0.0003170866,0.0009073401,-0.002393539,0.0002506487,-0.0005943838,0.0014968279,6.7658955e-05,-0.0011791108,-0.00031214324,-9.7433105e-05,0.00053101557,-8.0885366e-07,0.0003424848,0.00073099707,0.0016679305,-0.0009269989,-0.00011236768,-0.0017584979,0.00023942906,-0.000103531405,-0.0005317051,0.00015058799,0.0010093739,-0.00094148336,-0.0009970265,0.00029854034,0.0013374053
-0.00010447034,-0.0005205933,9.201087e-05,-0.0007463097,-0.00044191116,0.0016177114,0.00013315072,0.0009759143,-0.00080009364,0.00037050698,-0.00013161777,-0.00061116926,-0.0011296516,-0.000118976925,-0.00014629308,0.0004508174,-0.00026690983,-0.0010406862,-0.0015516166,0.0008043798,0.00076203607,-0.0007417796,-0.000513581,-0.0007704643,-5.7514408e-05,-6.9540006e-06,6.5425935e-05,-0.0010399678,-0.00045275642,-0.0007095281,-0.00056117587,-0.0011084786,-0.0014665482,-0.00017209793,8.3194755e-05,0.00035664672,-0.0005274372,0.0006023799,0.001845896,0.0007676461,-0.0007951475,-0.0005389667,-0.00012489175,0.00014406675,-0.00095410785,0.0005833623,0.0002384088,0.0016182131,0.00030784076,0.000383014,0.0011296791,-0.00045616832,-0.0005636029,-0.001060056,-0.00087552937,-0.00012715423,0.00019671768,0.0004531732,-0.0010371266,0.0005236444
-0.00062959455,0.00041743135,-0.0005125811,-0.0011512418,0.0002367578,0.0002984592,-0.00021297493,0.0015047637,-0.0012181291,-0.00020163629,0.0017502038,0.00031160098,0.0006328641,0.0002183702,0.001763314,-0.00066972105,0.00016151607,0.00069824,-0.00022999267,0.00048654736,0.00087183295,0.00086904294,0.0011556377,0.00023955805,0.00018658582,0.000599894,-0.0010203223,-0.00038173352,-0.0010307209,-0.0012496193,-0.0008287028,-0.0012390818,0.00051761814,0.00013790978,-0.00090055657,-0.0010560838,0.00055583124,2.548541e-05,-0.00057584373,0.00092154543,0.00095400494,0.00068917417,-0.00042058993,-0.00071307487,-0.00060750707,-0.0002196274,-0.00041755894,-0.00018067751,-0.0017407145,0.00040162797,-0.0006203578,-0.00088576606,-6.802706e-05,-0.00014045564,-7.804e-05,0.0009952956,0.00101495,-0.00047503598,0.0018996373,-0.0023143487
8.466911e-05,-0.00048041888,-0.0008666551,-5.9022103e-05,0.00019021158,-0.00051052123,0.00091285957,-0.00017290562,-0.00010339392,-0.0013778084,0.00037761749,-0.0007804857,0.00067264144,-0.0009634356,-0.0003466038,0.0011787843,0.0007898966,0.0013585793,0.0010687211,-0.00065130997,8.29302e-06,-0.00092425616,0.0022447808,0.0008700078,0.00047164058,6.2135165e-05,0.00014090782,0.00022251601,-0.00032477302,0.0005360326,-0.0005513431,-0.0003060978,-8.145136e-05,0.00022430206,8.972315e-05,0.00046018668,-0.0001973398,-0.0013166297,-0.0014029647,0.00077821704,0.00021017133,-0.00060728035,0.00049567735,-0.00014421923,0.0015204661,-0.00042391816,0.00027232786,-1.2194738e-05,-0.00026993896,0.00063146197,-0.0006230803,3.8825092e-05,0.00033686636,0.00024362683,-0.00077024964,-0.0006520343,0.00036389264,0.0005903989,-6.239198e-05,0.0006442382
